{"cameraMode":{"drawMode":0,"name":"Shaded","section":"Shading Mode"},"sceneLighting":false,"audioPlay":false,"sceneViewState":{"m_AlwaysRefresh":false,"showFog":true,"showSkybox":false,"showFlares":true,"showImageEffects":true,"showParticleSystems":true,"showVisualEffectGraphs":true,"m_FxEnabled":true},"in2DMode":false,"pivot":{"x":3.339364767074585,"y":3.249521255493164,"z":-0.001983642578125},"rotation":{"x":-0.0028060958720743658,"y":0.009174478240311146,"z":0.001089065452106297,"w":0.9999886155128479},"size":3.872756004333496,"orthographic":false}